物件CD,駅,徒歩分数
100343313667,京急本線/神奈川新町駅,歩6分
100343313667,京急本線/京急東神奈川駅,歩6分
100343313667,ＪＲ京浜東北線/東神奈川駅,歩7分
100343314105,京急本線/神奈川新町駅,歩6分
100343314105,京急本線/京急東神奈川駅,歩6分
100343314105,ＪＲ京浜東北線/東神奈川駅,歩7分
100343313391,京急本線/神奈川新町駅,歩6分
100343313391,京急本線/京急東神奈川駅,歩6分
100343313391,ＪＲ京浜東北線/東神奈川駅,歩7分
100343842510,京急本線/京急東神奈川駅,歩4分
100343842510,ＪＲ京浜東北線/東神奈川駅,歩5分
100343842510,京急本線/神奈川新町駅,歩10分
100343709215,京急本線/京急東神奈川駅,歩4分
100343709215,ＪＲ京浜東北線/東神奈川駅,歩5分
100343709215,京急本線/神奈川新町駅,歩10分
100342823375,京急本線/神奈川新町駅,歩7分
100342823375,京急本線/京急東神奈川駅,歩7分
100342823375,ＪＲ横浜線/東神奈川駅,歩9分
100339853853,京急本線/子安駅,歩3分
100339853853,京急本線/京急新子安駅,歩10分
100339853853,京急本線/神奈川新町駅,歩7分
100339856694,京急本線/子安駅,歩3分
100339856694,京急本線/京急新子安駅,歩10分
100339856694,京急本線/神奈川新町駅,歩7分
100341719751,京急本線/子安駅,歩3分
100341719751,京急本線/京急新子安駅,歩10分
100341719751,京急本線/神奈川新町駅,歩7分
100342503124,京急本線/子安駅,歩3分
100342503124,京急本線/京急新子安駅,歩10分
100342503124,京急本線/神奈川新町駅,歩7分
100342548057,京急本線/子安駅,歩3分
100342548057,京急本線/京急新子安駅,歩10分
100342548057,京急本線/神奈川新町駅,歩7分
100340883623,ＪＲ京浜東北線/東神奈川駅,歩3分
100340883623,京急本線/京急東神奈川駅,歩3分
100340883623,京急本線/神奈川新町駅,歩9分
100342137982,東急東横線/反町駅,歩3分
100342137982,ＪＲ京浜東北線/東神奈川駅,歩10分
100342137982,京急本線/神奈川駅,歩9分
100342028513,東急東横線/反町駅,歩3分
100342028513,ＪＲ京浜東北線/東神奈川駅,歩10分
100342028513,京急本線/神奈川駅,歩9分
100344058269,京急本線/子安駅,歩3分
100344058269,京急本線/京急新子安駅,歩10分
100344058269,ＪＲ京浜東北線/新子安駅,歩11分
100316093085,ＪＲ京浜東北線/新子安駅,歩6分
100316093085,京急本線/京急新子安駅,歩6分
100316093085,ＪＲ横浜線/大口駅,歩6分
100335872435,ＪＲ京浜東北線/新子安駅,歩6分
100335872435,ＪＲ横浜線/大口駅,歩6分
100335872435,京急本線/子安駅,歩6分
100330020699,東急東横線/白楽駅,歩6分
100330020699,東急東横線/東白楽駅,歩10分
100330020699,ブルーライン/岸根公園駅,歩16分
100330021137,東急東横線/白楽駅,歩6分
100330021137,東急東横線/東白楽駅,歩10分
100330021137,ブルーライン/岸根公園駅,歩16分
100341720649,京急本線/子安駅,歩3分
100341720649,京急本線/京急新子安駅,歩10分
100341720649,京急本線/神奈川新町駅,歩7分
100339757342,京急本線/神奈川新町駅,歩5分
100339757342,ＪＲ京浜東北線/東神奈川駅,歩14分
100339757342,京急本線/子安駅,歩6分
100334889538,京急本線/子安駅,歩1分
100334889538,ＪＲ横浜線/大口駅,歩12分
100334889538,京急本線/神奈川新町駅,歩10分
100343719318,京急本線/京急新子安駅,歩6分
100343719318,ＪＲ京浜東北線/新子安駅,歩7分
100343719127,京急本線/京急新子安駅,歩6分
100343719127,ＪＲ京浜東北線/新子安駅,歩7分
100286958022,京急本線/子安駅,歩1分
100286958022,ＪＲ横浜線/大口駅,歩12分
100286958022,京急本線/神奈川新町駅,歩10分
100343933724,京急本線/京急新子安駅,歩4分
100343933724,ＪＲ京浜東北線/新子安駅,歩7分
100343933724,京急本線/生麦駅,歩13分
100342860864,ＪＲ京浜東北線/新子安駅,歩7分
100342860864,京急本線/京急新子安駅,歩4分
100342860864,京急本線/生麦駅,歩13分
100330226891,東急東横線/反町駅,歩6分
100330226891,ブルーライン/三ツ沢下町駅,歩9分
100330226891,京急本線/神奈川駅,歩16分
100340635857,ＪＲ京浜東北線/新子安駅,歩10分
100340635857,京急本線/子安駅,歩3分
100340635857,ＪＲ横浜線/大口駅,歩11分
100343378337,京急本線/子安駅,歩1分
100343378337,京急本線/神奈川新町駅,歩7分
100343378337,ＪＲ横浜線/大口駅,歩13分
100343381637,京急本線/子安駅,歩1分
100343381637,京急本線/神奈川新町駅,歩7分
100343381637,ＪＲ横浜線/大口駅,歩13分
100334790790,京急本線/子安駅,歩3分
100334790790,京急本線/神奈川新町駅,歩10分
100334790790,ＪＲ横浜線/大口駅,歩12分
100342588678,京急本線/子安駅,歩3分
100342588678,京急本線/京急新子安駅,歩10分
100342588678,ＪＲ京浜東北線/新子安駅,歩11分
100342492709,京急本線/子安駅,歩3分
100342492709,京急本線/京急新子安駅,歩10分
100342492709,ＪＲ京浜東北線/新子安駅,歩11分
100340567460,ＪＲ横浜線/大口駅,歩3分
100340567460,京急本線/子安駅,歩10分
100340567460,ＪＲ京浜東北線/新子安駅,歩15分
100340576797,ＪＲ横浜線/大口駅,歩3分
100340576797,京急本線/子安駅,歩10分
100340576797,ＪＲ京浜東北線/新子安駅,歩15分
100340566163,ＪＲ横浜線/大口駅,歩3分
100340566163,京急本線/子安駅,歩10分
100340566163,ＪＲ京浜東北線/新子安駅,歩15分
100342378993,東急東横線/反町駅,歩6分
100342378993,ブルーライン/三ツ沢下町駅,歩7分
100342378993,ＪＲ東海道本線/横浜駅,歩20分
100338779508,京急本線/子安駅,歩3分
100338779508,京急本線/神奈川新町駅,歩10分
100338779508,ＪＲ横浜線/大口駅,歩12分
100333063880,京急本線/子安駅,歩3分
100333063880,京急本線/神奈川新町駅,歩10分
100333063880,ＪＲ横浜線/大口駅,歩12分
100340638991,京急本線/子安駅,歩3分
100340638991,京急本線/京急新子安駅,歩10分
100340638991,ＪＲ京浜東北線/新子安駅,歩11分
100340638271,京急本線/子安駅,歩3分
100340638271,京急本線/京急新子安駅,歩10分
100340638271,ＪＲ京浜東北線/新子安駅,歩11分
100334826939,京急本線/子安駅,歩1分
100334826939,京急本線/神奈川新町駅,歩10分
100334826939,ＪＲ横浜線/大口駅,歩12分
100333038440,京急本線/子安駅,歩1分
100333038440,京急本線/神奈川新町駅,歩10分
100333038440,ＪＲ横浜線/大口駅,歩12分
100344105736,京急本線/子安駅,歩1分
100344105736,ＪＲ横浜線/大口駅,歩12分
100344105736,ＪＲ京浜東北線/新子安駅,歩16分
100343669405,京急本線/京急新子安駅,歩4分
100343669405,京急本線/生麦駅,歩13分
100343669405,ＪＲ横浜線/大口駅,歩22分
100330151281,東急東横線/白楽駅,歩5分
100330151281,東急東横線/東白楽駅,歩11分
100330151281,北38/六角橋中町,歩1分
100333874984,東急東横線/白楽駅,歩6分
100333874984,東急東横線/東白楽駅,歩10分
100333874984,ブルーライン/岸根公園駅,歩16分
100340400410,東急東横線/反町駅,歩13分
100340400410,ブルーライン/三ツ沢下町駅,歩3分
100340400410,ブルーライン/三ツ沢上町駅,歩12分
100340422991,東急東横線/反町駅,歩13分
100340422991,ブルーライン/三ツ沢下町駅,歩3分
100340422991,ブルーライン/三ツ沢上町駅,歩12分
100339810562,ブルーライン/三ツ沢下町駅,歩1分
100339810562,ブルーライン/三ツ沢上町駅,歩12分
100339810562,東急東横線/反町駅,歩13分
100340574999,ブルーライン/三ツ沢下町駅,歩1分
100340574999,東急東横線/反町駅,歩12分
100340574999,ブルーライン/三ツ沢上町駅,歩12分
100340636118,ＪＲ京浜東北線/新子安駅,歩11分
100340636118,京急本線/子安駅,歩3分
100340636118,京急本線/京急新子安駅,歩10分
100340656492,ＪＲ京浜東北線/新子安駅,歩11分
100340656492,京急本線/子安駅,歩3分
100340656492,京急本線/京急新子安駅,歩10分
100297451495,京急本線/子安駅,歩3分
100297451495,ＪＲ京浜東北線/新子安駅,歩11分
100297451495,京急本線/京急新子安駅,歩10分
100339817056,京急本線/子安駅,歩2分
100339817056,ＪＲ横浜線/大口駅,歩12分
100339817056,京急本線/神奈川新町駅,歩10分
100339816681,京急本線/子安駅,歩2分
100339816681,ＪＲ横浜線/大口駅,歩12分
100339816681,京急本線/神奈川新町駅,歩10分
100339820383,京急本線/子安駅,歩2分
100339820383,ＪＲ横浜線/大口駅,歩12分
100339820383,京急本線/神奈川新町駅,歩10分
100339752438,京急本線/子安駅,歩2分
100339752438,ＪＲ横浜線/大口駅,歩14分
100339752438,ＪＲ京浜東北線/新子安駅,歩10分
100341570048,京急本線/子安駅,歩2分
100341570048,ＪＲ横浜線/大口駅,歩14分
100341570048,ＪＲ京浜東北線/新子安駅,歩10分
100338519720,京急本線/子安駅,歩2分
100338519720,ＪＲ横浜線/大口駅,歩11分
100338519720,京急本線/神奈川新町駅,歩9分
100339722447,京急本線/子安駅,歩2分
100339722447,ＪＲ横浜線/大口駅,歩11分
100339722447,京急本線/神奈川新町駅,歩9分
100337573300,京急本線/子安駅,歩1分
100337573300,ＪＲ京浜東北線/新子安駅,歩11分
100337573300,京急本線/神奈川新町駅,歩8分
100341023212,京急本線/子安駅,歩5分
100341023212,ＪＲ横浜線/大口駅,歩10分
100341023212,ＪＲ京浜東北線/新子安駅,歩14分
100341026900,京急本線/子安駅,歩5分
100341026900,ＪＲ横浜線/大口駅,歩10分
100341026900,ＪＲ京浜東北線/新子安駅,歩14分
100342853895,ＪＲ京浜東北線/新子安駅,歩7分
100342853895,京急本線/京急新子安駅,歩4分
100342853895,京急本線/生麦駅,歩13分
100342939561,ＪＲ京浜東北線/新子安駅,歩7分
100342939561,京急本線/京急新子安駅,歩4分
100342939561,京急本線/生麦駅,歩13分
100341280893,東急東横線/反町駅,歩6分
100341280893,ブルーライン/三ツ沢下町駅,歩7分
100341280893,ＪＲ京浜東北線/東神奈川駅,歩18分
100340634552,ＪＲ京浜東北線/新子安駅,歩10分
100340634552,京急本線/子安駅,歩3分
100340634552,ＪＲ横浜線/大口駅,歩11分
100340636464,ＪＲ京浜東北線/新子安駅,歩10分
100340636464,京急本線/子安駅,歩3分
100340636464,ＪＲ横浜線/大口駅,歩11分
100335057256,京急本線/子安駅,歩3分
100335057256,京急本線/神奈川新町駅,歩10分
100335057256,ＪＲ横浜線/大口駅,歩12分
100341941019,京急本線/子安駅,歩3分
100341941019,京急本線/京急新子安駅,歩10分
100340496362,ＪＲ横浜線/大口駅,歩3分
100340496362,京急本線/子安駅,歩10分
100340496362,ＪＲ京浜東北線/新子安駅,歩15分
100342209826,ＪＲ横浜線/大口駅,歩3分
100342209826,京急本線/子安駅,歩10分
100342209826,ＪＲ京浜東北線/新子安駅,歩15分
100340495199,ＪＲ横浜線/大口駅,歩3分
100340495199,京急本線/子安駅,歩10分
100340495199,ＪＲ京浜東北線/新子安駅,歩15分
100341563155,京急本線/子安駅,歩3分
100341563155,ＪＲ京浜東北線/新子安駅,歩10分
100341599402,京急本線/子安駅,歩3分
100341599402,ＪＲ京浜東北線/新子安駅,歩10分
100341599402,ＪＲ横浜線/大口駅,歩13分
100336866760,京急本線/子安駅,歩3分
100336866760,京急本線/神奈川新町駅,歩10分
100336866760,ＪＲ横浜線/大口駅,歩12分
100342404978,京急本線/子安駅,歩1分
100342404978,京急本線/神奈川新町駅,歩10分
100342404978,ＪＲ横浜線/大口駅,歩12分
100343712955,京急本線/京急新子安駅,歩4分
100343712955,京急本線/生麦駅,歩13分
100343712955,ＪＲ横浜線/大口駅,歩22分
100343805355,京急本線/子安駅,歩1分
100343805355,ＪＲ横浜線/大口駅,歩12分
100343805355,ＪＲ京浜東北線/新子安駅,歩16分
100332153771,京急本線/子安駅,歩3分
100332153771,ＪＲ横浜線/大口駅,歩12分
100332153771,ＪＲ京浜東北線/新子安駅,歩15分
100341876573,京急本線/子安駅,歩3分
100341876573,ＪＲ京浜東北線/新子安駅,歩11分
100341876573,ＪＲ横浜線/大口駅,歩14分
100333193194,京急本線/子安駅,歩3分
100333193194,ＪＲ横浜線/大口駅,歩12分
100333193194,ＪＲ京浜東北線/新子安駅,歩15分
100340636757,京急本線/子安駅,歩3分
100340636757,ＪＲ京浜東北線/新子安駅,歩11分
100340636757,ＪＲ横浜線/大口駅,歩15分
100334831935,京急本線/子安駅,歩1分
100334831935,ＪＲ横浜線/大口駅,歩12分
100334831935,ＪＲ京浜東北線/新子安駅,歩16分
100334862908,京急本線/子安駅,歩1分
100334862908,ＪＲ横浜線/大口駅,歩12分
100334862908,ＪＲ京浜東北線/新子安駅,歩16分
100339811321,ブルーライン/三ツ沢下町駅,歩1分
100339811321,ブルーライン/三ツ沢上町駅,歩12分
100339811321,東急東横線/反町駅,歩13分
100335055407,京急本線/子安駅,歩3分
100335055407,京急本線/神奈川新町駅,歩11分
100335055407,ＪＲ横浜線/大口駅,歩12分
100334900526,京急本線/子安駅,歩3分
100334900526,京急本線/神奈川新町駅,歩11分
100334900526,ＪＲ横浜線/大口駅,歩12分
100342891991,京急本線/京急新子安駅,歩4分
100342891991,京急本線/生麦駅,歩13分
100342891991,ＪＲ横浜線/大口駅,歩22分
100339758344,京急本線/子安駅,歩3分
100339758344,ＪＲ京浜東北線/新子安駅,歩11分
100339758344,ＪＲ横浜線/大口駅,歩15分
100337207742,京急本線/子安駅,歩2分
100337207742,京急本線/神奈川新町駅,歩11分
100337207742,ＪＲ横浜線/大口駅,歩12分
100335372206,京急本線/子安駅,歩1分
100335372206,ＪＲ横浜線/大口駅,歩12分
100335372206,ＪＲ京浜東北線/新子安駅,歩16分
100342569490,京急本線/子安駅,歩1分
100342569490,ＪＲ横浜線/大口駅,歩12分
100342569490,ＪＲ京浜東北線/新子安駅,歩16分
100339066719,京急本線/子安駅,歩1分
100339066719,ＪＲ横浜線/大口駅,歩12分
100339066719,ＪＲ京浜東北線/新子安駅,歩15分
100343083412,京急本線/子安駅,歩1分
100343083412,ＪＲ横浜線/大口駅,歩12分
100343083412,ＪＲ京浜東北線/新子安駅,歩16分
100336530692,京急本線/子安駅,歩1分
100336530692,ＪＲ横浜線/大口駅,歩12分
100336530692,ＪＲ京浜東北線/新子安駅,歩16分
100341277604,京急本線/子安駅,歩1分
100341277604,ＪＲ横浜線/大口駅,歩12分
100341277604,ＪＲ京浜東北線/新子安駅,歩16分
100333151536,京急本線/子安駅,歩1分
100333151536,ＪＲ横浜線/大口駅,歩12分
100333151536,ＪＲ京浜東北線/新子安駅,歩16分
100342297202,京急本線/子安駅,歩1分
100342297202,ＪＲ横浜線/大口駅,歩12分
100342297202,ＪＲ京浜東北線/新子安駅,歩16分
100333156265,京急本線/子安駅,歩1分
100333156265,ＪＲ横浜線/大口駅,歩12分
100333156265,ＪＲ京浜東北線/新子安駅,歩16分
